{
  "original_chaotic": [
    0.4,
    0.9576,
    0.16200293759999998,
    0.5416743633777924,
    0.9905703572738522,
    0.037269491011177866,
    0.14316309944327296,
    0.48944303134026335,
    0.9970553161467423,
    0.011714690634145814,
    0.04619405206339336,
    0.1758000448532579,
    0.5781286124405731,
    0.9731447204732617,
    0.10427495321823332,
    0.3726727325247786,
    0.9328131901596008,
    0.2500642422712381,
    0.7482531468641132,
    0.7515977965375397,
    0.7449272096220447,
    0.7581425413271683,
    0.7316160891450334,
    0.7834524091241482,
    0.676922379729249,
    0.8726069014882484,
    0.4435447468836738,
    0.9847830895383306,
    0.059791570829707034,
    0.22430399016081842,
    0.6942269235334282,
    0.846980849677212,
    0.5171211169295473,
    0.9963304007467884,
    0.014587971845184558,
    0.05735690006128836,
    0.2157276734458245,
    0.6750650849783502,
    0.875215341925877,
    0.43576165426195435,
    0.9810350053979889,
    0.07423524109120945,
    0.27421023658464444,
    0.7940857411199828,
    0.6524191717109428,
    0.904805900418851,
    0.3436674101144723,
    0.8999848841453368,
    0.35914824889641345,
    0.9183415290021026,
    0.29921155679760986,
    0.8366391642946787,
    0.5453295515212916,
    0.9893014747179255,
    0.04223042668706458,
    0.16138360081808326,
    0.5400023474782406,
    0.9911152506629581,
    0.035135184159376595,
    0.13526380494391851,
    0.4667003569838882,
    0.9930756237622482,
    0.02743695271336463,
    0.1064698236932852,
    0.3795846613406638,
    0.939645583400074,
    0.2262799263772663,
    0.6985585119709014,
    0.8401923241223667,
    0.5357340386068082,
    0.9924050831545402,
    0.030073563993445566,
    0.11638488752128903,
    0.41032938745700426,
    0.9654171331721942,
    0.1332136996776063,
    0.46071656148428514,
    0.9913426777189444,
    0.03424366847739056,
    0.1319534481899385,
    0.4570215254458877,
    0.990129874392756,
    0.03899309784868743,
    0.149515818313712,
    0.5073717451668954,
    0.9972831729190457,
    0.010810689266950434,
    0.04266833487545027,
    0.16298251481688278,
    0.5443126665765811,
    0.9896651864476824,
    0.040809740672814086,
    0.1561857798987367,
    0.5258492104040787,
    0.9948339551027279,
    0.020506033940792066,
    0.08014129068611649,
    0.2941374702109867,
    0.8284062691271817,
    0.5671757963678807
  ],
  "decayed": [
    0.4,
    0.9063428104173743,
    0.1451241212324967,
    0.4592650019869258,
    0.7949114528596579,
    0.028307091250497633,
    0.10291560515388753,
    0.333012584682462,
    0.6420755118188927,
    0.007140128600966669,
    0.026648307185422243,
    0.09598666545695153,
    0.29876157728416863,
    0.4759771094929736,
    0.048272189395476985,
    0.16328751039304445,
    0.38683733695033107,
    0.0981507579381889,
    0.27797066861139963,
    0.2642678153952275,
    0.24790253674610155,
    0.23879561982603523,
    0.21810573930569577,
    0.22105728070041436,
    0.1807754420374862,
    0.2205604096823713,
    0.10610960869381773,
    0.22298015445377492,
    0.012813682225970431,
    0.04549664185634082,
    0.1332760620461067,
    0.1538978834942891,
    0.08893233302283311,
    0.16217322434858825,
    0.0022473930970183095,
    0.008363309211296577,
    0.029771910118891867,
    0.08817690326214149,
    0.1082012989953033,
    0.050988815166856084,
    0.1086472579983449,
    0.007781310509664112,
    0.02720411755083423,
    0.07456357694704854,
    0.05798216228972146,
    0.07610820395327349,
    0.027360419760088475,
    0.06781534536015553,
    0.025613850626919465,
    0.06198886722460329,
    0.019115963662845056,
    0.05058996510565563,
    0.031209986345640105,
    0.05358849483031585,
    0.0021650938609634397,
    0.007831032332495737,
    0.02480068179711801,
    0.043082459450398125,
    0.0014455293697793507,
    0.005267137334881524,
    0.017200439029312127,
    0.03464113216022677,
    0.0009058451994346457,
    0.003327001555296157,
    0.011226476725191498,
    0.026303119562690228,
    0.005995115682316486,
    0.017517119169861026,
    0.019941001299965896,
    0.01203443899235429,
    0.021099586565518403,
    0.0006051711573399153,
    0.0022166558433353513,
    0.00739677924334383,
    0.016471509234405074,
    0.002151174488020019,
    0.007041560737233088,
    0.01434059811668637,
    0.00046884803764424846,
    0.0017099401862431625,
    0.005605381651890864,
    0.011493943369053744,
    0.0004284232041031268,
    0.0015548222400210976,
    0.004993766561220121,
    0.009290280068006486,
    9.531737125555966e-05,
    0.00035606781826887226,
    0.0012872900129534412,
    0.004069042094710677,
    0.007002294816795449,
    0.0002732903458485932,
    0.0009899432583590903,
    0.003154557112693556,
    0.0056485389145763685,
    0.00011019846717682896,
    0.0004076228967756737,
    0.001415992483397568,
    0.003774525194651272,
    0.0024459354860881964
  ],
  "entropy": "SampleEntropy",
  "curvature": "ApproximateEntropy",
  "evolved": "PermutationEntropy",
  "einstein": {
    "curvature": 