{
  "planet": "Earth",
  "symbols": [
    "S",
    "S",
    "D",
    "D",
    "S",
    "E",
    "S",
    "S",
    "E",
    "D",
    "D",
    "S",
    "S",
    "E",
    "S"
  ],
  "entropy_gradient": [
    0.0,
    0.9183,
    0.9183,
    0.9183,
    0.7219,
    1.3709,
    1.3709,
    1.3709,
    1.5,
    1.5,
    1.5,
    1.4854,
    1.4854,
    1.5768,
    1.5768
  ],
  "entropy_curvature": [
    0.9183,
    0.0,
    -0.1964,
    0.3989,
    0.0,
    0.0,
    0.0,
    0.1291,
    0.0,
    0.0,
    -0.0146,
    0.0,
    0.0914
  ],
  "fingerprint": {
    "entropy": 1.4854,
    "gradient_mean": 1.21426,
    "curvature_mean": 0.10205384615384615,
    "flow_vector": 1.5768
  }
}